uuid,name,email,address,city,state,zip
A2B4G60,Max Power 0,mpower0@mail.fake,123 Test Dr.,San Francisco,CA,94158
A2B4G61,Max Power 1,mpower1@mail.fake,123 Test Dr.,San Francisco,CA,94158
A2B4G62,Max Power 2,mpower2@mail.fake,123 Test Dr.,San Francisco,CA,94158
A2B4G63,Max Power 3,mpower3@mail.fake,123 Test Dr.,San Francisco,CA,94158
A2B4G64,Max Power 4,mpower4@mail.fake,123 Test Dr.,San Francisco,CA,94158
A2B4G65,Max Power 5,mpower5@mail.fake,123 Test Dr.,San Francisco,CA,94158
A2B4G66,Max Power 6,mpower6@mail.fake,123 Test Dr.,San Francisco,CA,94158
A2B4G67,Max Power 7,mpower7@mail.fake,123 Test Dr.,San Francisco,CA,94158
A2B4G68,Max Power 8,mpower8@mail.fake,123 Test Dr.,San Francisco,CA,94158
A2B4G69,Max Power 9,mpower9@mail.fake,123 Test Dr.,San Francisco,CA,94158